Date,Actual_Price,Predicted_Probas,score,daily_pnl,cumulative_pnl,position_direction_pct
2025-01-01,96886.8782682304,[9.8527122e-01 1.1884037e-02 1.0772245e-03 1.2995902e-03 4.6787746e-04],-1.9801911231479608,0.0,0.0,-19.801911231479608
2025-01-02,98107.4287619937,[0.53633255 0.41659123 0.02143493 0.00950391 0.01613744],-1.4474775325506926,-249458.2647624074,-249458.2647624074,-14.474775325506926
2025-01-03,102078.0855728765,[0.03011731 0.41064954 0.01152055 0.0164386  0.53127396],0.6081023644655943,-585830.9198139716,-835289.184576379,6.081023644655943
2025-01-06,96922.7052796726,[0.02410228 0.01150404 0.0143321  0.02113344 0.9289281 ],1.8192810006439686,-307117.7254571895,-1142406.9100335685,18.192810006439686
2025-01-07,95043.5234559406,[0.21501577 0.06700871 0.03814967 0.05554069 0.62428516],0.8070707619190216,-352730.53706107603,-1495137.4470946444,8.070707619190216
2025-01-08,92484.0369715298,[0.92419875 0.01928016 0.01133171 0.02349165 0.02169777],-1.800790473818779,-217341.13298655747,-1712478.5800812019,-18.00790473818779
2025-01-09,94701.4564626687,[9.9821693e-01 9.8071864e-04 2.2538261e-04 1.3139934e-04 4.4559033e-04],-1.99639199275407,-431761.8506783242,-2144240.430759526,-19.9639199275407
2025-01-10,94516.5256268428,[0.93886715 0.04638092 0.00496209 0.0058494  0.00394045],-1.9103849148377776,38985.08572586542,-2105255.3450336605,-19.103849148377776
2025-01-13,96534.0442146476,[0.94972795 0.02503208 0.00608217 0.00975144 0.00940633],-1.8959238789975643,-407784.464143748,-2513039.8091774085,-18.959238789975643
2025-01-14,100504.493441195,[0.82456094 0.07496512 0.01902926 0.01650624 0.06493847],-1.5777038149535656,-779794.2746727281,-3292834.0838501365,-15.777038149535658
2025-01-15,99756.9090981947,[0.00237921 0.00584826 0.01331925 0.02373553 0.9547177 ],1.922564244363457,117354.6206310898,-3175479.4632190466,19.225642443634573
2025-01-16,104462.0426222178,[0.01044613 0.02551997 0.00640172 0.04458776 0.9130444 ],1.8242643307894468,906796.4875834722,-2268682.975635574,18.24264330789447
2025-01-17,102016.6622807587,[0.08111148 0.05038618 0.02624012 0.03901269 0.80324954],1.4329026378691196,-427046.994310713,-2695729.969946287,14.329026378691198
2025-01-20,106146.2630067343,[0.10942602 0.01744009 0.01227097 0.11253334 0.7483295 ],1.3729002457112074,580034.245514885,-2115695.724431402,13.729002457112074
2025-01-21,103653.0692422291,[0.03093038 0.02739237 0.00212926 0.02817142 0.9113766 ],1.7616714723408222,-322470.7337721038,-2438166.4582035057,17.616714723408222
2025-01-22,103960.1716372268,[0.05532037 0.03984129 0.00480475 0.07454599 0.82548755],1.575039066374302,52194.6462666413,-2385971.8119368646,15.750390663743019
2025-01-23,104819.4844854964,[4.9720488e-02 1.8456867e-02 6.9087947e-04 1.6989524e-02 9.1414225e-01],1.7273761816322803,130189.4066686349,-2255782.4052682295,17.273761816322803
2025-01-24,102087.6913350177,[0.49855503 0.07993835 0.01357466 0.2734362  0.13449578],-0.5346206724643707,-450186.7610249546,-2705969.1662931843,-5.346206724643707
2025-01-27,101332.4762208059,[0.8635673  0.1104404  0.00528756 0.01828022 0.00242454],-1.8144456897862256,39549.68585685706,-2666419.4804363274,-18.144456897862256
2025-01-28,103703.2111924169,[0.9472455  0.0339084  0.00372508 0.01219006 0.002931  ],-1.9103473001159728,-424500.61533005786,-3090920.095766385,-19.103473001159728
2025-01-29,104735.3028391485,[0.91489685 0.07516186 0.00243462 0.0054301  0.00207654],-1.8953723683953285,-190124.6324135169,-3281044.728179902,-18.953723683953285
2025-01-30,102405.0270844454,[0.807558   0.14513686 0.00275244 0.02235427 0.02219844],-1.693501703441143,421705.0179335425,-2859339.7102463595,-16.93501703441143
2025-01-31,101405.4230656902,[0.964316   0.02094264 0.0023157  0.00787934 0.00454636],-1.9326026029884815,165307.4225675094,-2694032.28767885,-19.326026029884815
2025-02-03,97871.8178338929,[0.84720844 0.05184746 0.00773882 0.09174404 0.00146123],-1.6515978341922164,673440.7749062218,-2020591.512772628,-16.515978341922168
2025-02-04,96615.4445401536,[0.8930598  0.01909065 0.07269114 0.0069633  0.00819513],-1.7818566653877497,212014.39360189126,-1808577.1191707368,-17.8185666538775
2025-02-05,96593.3003285625,[0.863209   0.03518874 0.00609082 0.04118432 0.05432715],-1.6117681302130222,4084.006569670992,-1804493.1126010658,-16.117681302130222
2025-02-06,96529.082494532,[0.44954544 0.13872117 0.02078025 0.31349167 0.07746143],-0.5693975239992142,10715.469699202024,-1793777.6429018637,-5.693975239992142
2025-02-07,97437.5572620868,[9.5305967e-01 8.9010382e-03 9.1413519e-04 3.3290047e-02 3.8351256e-03],-1.874060086440295,-53588.335234696344,-1847365.97813656,-18.74060086440295
2025-02-10,95747.4311295895,[0.68980396 0.16538875 0.00398131 0.1358244  0.00500154],-1.399169186130166,325069.5127181044,-1522296.4654184557,-13.99169186130166
2025-02-11,97885.8630551901,[0.11793118 0.67537546 0.00520102 0.19784579 0.00364661],-0.7060988075099885,-312491.7318029962,-1834788.197221452,-7.060988075099886
2025-02-12,96623.8690084382,[0.11191411 0.25578645 0.00632528 0.5734536  0.05252058],0.19888009876012802,91033.8289599396,-1743754.3682615124,1.9888009876012802
2025-02-13,97508.9699033175,[0.03672257 0.2970855  0.00606989 0.6563168  0.0038052 ],0.29339658841490746,18217.957445990978,-1725536.4108155214,2.9339658841490746
2025-02-14,95773.3841866043,[0.06343419 0.55187714 0.01313891 0.17217553 0.1993742 ],-0.10782159864902496,-52222.36771552355,-1777758.778531045,-1.0782159864902496
2025-02-17,95539.5436031828,[0.13036321 0.43037015 0.00776951 0.42805812 0.00343906],-0.256160335149616,2632.575401575154,-1775126.2031294699,-2.56160335149616
2025-02-18,96635.6132123525,[0.13681093 0.39604658 0.0612741  0.39032832 0.01554002],-0.24826008267700672,-29387.785187500744,-1804513.9883169706,-2.482600826770067
2025-02-19,98333.937829345,[0.0115571  0.9169883  0.00726115 0.06228795 0.00190552],-0.8740035279188305,-43630.52044803069,-1848144.5087650013,-8.740035279188305
2025-02-20,96125.5440549653,[0.07031094 0.19057731 0.15041944 0.20022854 0.38846374],0.6459568291902542,196284.61876422918,-1651859.8900007722,6.459568291902543
2025-02-21,91418.1736674415,[0.62923545 0.21145593 0.12245636 0.03111505 0.00573718],-1.427337421104312,-316331.9468558995,-1968191.8368566716,-14.27337421104312
2025-02-24,88736.1734415255,[9.9165630e-01 6.1372281e-03 1.5942329e-04 1.6431618e-03 4.0391562e-04],-1.9869988419231959,418748.16924104665,-1549443.667615625,-19.86998841923196
2025-02-25,84347.019721982,[9.9741036e-01 2.6094308e-04 2.8666234e-04 1.1667087e-03 8.7538623e-04],-1.9921641759574413,982828.4249267159,-566615.2426889092,-19.921641759574417
2025-02-26,84704.2245822833,[9.9597079e-01 6.8617257e-04 2.4024249e-04 2.5676468e-03 5.3514814e-04],-1.9889898007386364,-84367.02666148814,-650982.2693503973,-19.889898007386364
2025-02-27,84373.0103295802,[0.9217764  0.02698613 0.00381679 0.03105522 0.0163654 ],-1.806752948090434,77774.37001926651,-573207.8993311308,-18.067529480904344
2025-02-28,86065.6683289207,[0.75889635 0.03993737 0.01383499 0.11503771 0.07229357],-1.298105213791132,-362463.6383686236,-935671.5376997543,-12.98105213791132
2025-03-03,87222.1922066767,[9.9379760e-01 1.2339316e-03 2.2697217e-04 4.6161497e-03 1.2536353e-04],-1.983962255413644,-174435.3706580726,-1110106.908357827,-19.83962255413644
2025-03-04,90623.5618428087,[0.7898191  0.02018999 0.00303985 0.18596385 0.00098719],-1.4118899940513074,-773677.9830992798,-1883784.891457107,-14.118899940513074
2025-03-05,89961.727243714,[0.3780626  0.15344432 0.0187679  0.33617908 0.11354608],-0.34629829227924347,103111.99749570579,-1780672.8939614012,-3.4629829227924347
2025-03-06,86742.6756244441,[0.50738037 0.02301373 0.01925674 0.42996785 0.02038138],-0.5670438595116138,123914.03685391023,-1656758.857107491,-5.6704385951161385
2025-03-07,78532.0018084677,[0.698406   0.24834006 0.01044092 0.03710483 0.00570822],-1.5966307492926717,536738.3627823215,-1120020.4943251694,-15.966307492926719
2025-03-10,82862.2081809809,[9.9243188e-01 3.8735531e-03 4.7013856e-04 1.9388880e-03 1.2855681e-03],-1.9842272870009765,-880372.3941737323,-2000392.8884989016,-19.842272870009765
2025-03-11,83722.3619517496,[9.8580903e-01 7.6981448e-03 5.7365152e-04 4.4177542e-03 1.5013589e-03],-1.9718957289587706,-205973.3406148558,-2206366.2291137576,-19.718957289587706
2025-03-12,81066.7013691458,[0.98325664 0.00270043 0.00384952 0.00761775 0.0025756 ],-1.9564447468146682,625482.3249514354,-1580883.9041623222,-19.564447468146685
2025-03-13,83969.0997189857,[0.9932754  0.00240174 0.00120176 0.00209137 0.00102974],-1.9848016824107617,-700458.0066543879,-2281341.91081671,-19.848016824107617
2025-03-14,84075.6886968797,[0.81424856 0.01585229 0.07473417 0.08088572 0.01427921],-1.5349052865058184,-25194.74227525008,-2306536.65309196,-15.349052865058185
2025-03-17,82718.5023176431,[0.11644163 0.1383434  0.3833188  0.30985326 0.05204289],0.04271238297224045,247771.09537269466,-2058765.5577192656,0.4271238297224045
2025-03-18,86854.2259604391,[0.80986387 0.02993298 0.06101146 0.08305954 0.01613217],-1.5343368351459503,21355.151163172726,-2037410.406556093,-15.343368351459505
2025-03-19,84167.1934043364,[0.3863921  0.29940832 0.12997966 0.05799745 0.12622243],-0.7617501765489578,474681.9147225642,-1562728.4918335287,-7.617501765489579
2025-03-20,84043.245182099,[0.17067899 0.60792285 0.04711359 0.03704855 0.13723603],-0.6377602182328701,11217.860113107821,-1551510.631720421,-6.377602182328701
2025-03-21,87498.9124102767,[0.73862404 0.04847556 0.17545408 0.02991033 0.00753598],-1.4807413453236222,-262232.50670622714,-1813743.138426648,-14.807413453236224
2025-03-24,87471.7030479404,[0.01480102 0.01040921 0.45006573 0.14912824 0.3755958 ],0.860308607108891,4604.631838429833,-1809138.5065882183,8.603086071088912
2025-03-25,86900.8855432885,[0.00556638 0.08075856 0.02683727 0.01543996 0.87139785],1.666344347409904,-56141.494360902834,-1865280.000949121,16.66344347409904
2025-03-26,87177.1021055135,[0.8361161  0.14874247 0.00339375 0.00715236 0.0045953 ],-1.8046316457912326,52965.15728776455,-1812314.8436613565,-18.046316457912326
2025-03-27,84353.1510125816,[0.01294345 0.3810352  0.02625544 0.00629291 0.573473  ],0.7463167537935078,584579.1366525993,-1227735.7070087572,7.463167537935078
2025-03-28,82548.9109608694,[0.551433   0.27861327 0.11999072 0.02527268 0.02469032],-1.3068260084837675,-159630.61987539026,-1387366.3268841475,-13.068260084837677
2025-03-31,85169.1695887702,[9.9621236e-01 6.1264186e-04 7.2486041e-04 1.5933529e-03 8.5677096e-04],-1.9897304735495709,-414811.30205556954,-1802177.628939717,-19.89730473549571
2025-04-01,82485.7083713044,[0.31119183 0.0168689  0.00437373 0.63943124 0.02813425],0.056447187438607216,626912.8353323921,-1175264.7936073248,0.5644718743860722
2025-04-02,83102.8282065402,[0.7156423  0.03184747 0.01315345 0.22999851 0.00935824],-1.2144170235842466,4223.116913154417,-1171041.6766941703,-12.144170235842466
2025-04-03,83843.8048731047,[0.2491112  0.31268853 0.25637227 0.14225137 0.03957662],-0.5895063355565071,-108282.07623911148,-1279323.752933282,-5.895063355565071
2025-04-04,79235.333132174,[0.1297428  0.2437424  0.2980201  0.26637203 0.06212268],-0.11261061578989029,324021.9468359604,-955301.8060973216,-1.126106157898903
2025-04-07,76271.9501747134,[0.14502974 0.14017269 0.07680506 0.59970367 0.03828881],0.24604912102222443,42116.107356327775,-913185.6987409937,2.4604912102222447
2025-04-08,82573.9511277008,[0.93459356 0.00436925 0.01055517 0.0049638  0.04551826],-1.7775560533627868,203299.08853934653,-709886.6102016473,-17.775560533627868
2025-04-09,79626.1414360505,[0.02240196 0.04819484 0.15545763 0.0171584  0.7567872 ],1.4377340003848076,634570.2113068278,-75316.39889481943,14.377340003848078
2025-04-10,83404.8398063772,[0.06400211 0.13758595 0.08093657 0.24478096 0.4726944 ],0.9245795756578445,682283.8613347271,606967.4624399077,9.245795756578445
2025-04-11,84542.3912826737,[0.01992258 0.16678113 0.12541725 0.15975882 0.5281202 ],1.0093729719519615,126102.61750814575,733070.0799480535,10.093729719519615
2025-04-14,83668.9893302616,[0.01221364 0.12646146 0.06917711 0.2337839  0.55836385],1.1996228769421577,-104277.66603705379,628792.4139109997,11.996228769421577
2025-04-15,84033.865416481,[0.05959665 0.07932361 0.0867429  0.660474   0.11386283],0.6896827518939972,52314.92620881962,681107.3401198193,6.896827518939973
2025-04-16,84895.7514392675,[0.049053   0.22380053 0.14885183 0.26028576 0.3180089 ],0.5743970423936844,70736.71085678512,751844.0509766045,5.743970423936844
2025-04-17,84450.8070773412,[0.01340825 0.18443985 0.08624757 0.6229471  0.09295723],0.5976052060723305,-30104.536586031405,721739.514390573,5.976052060723306
2025-04-18,87518.9050346999,[0.06725357 0.38048947 0.1728553  0.2990626  0.08033902],-0.055255964398384094,217109.98100684638,938849.4953974194,-0.5525596439838409
2025-04-21,93441.8933475575,[0.02227205 0.49024475 0.18329112 0.10834763 0.19584444],-0.03475232794880867,-37395.39831051853,901454.0970869008,-0.3475232794880867
2025-04-22,93699.1131760367,[0.01182064 0.05323848 0.08673932 0.0419729  0.8062287 ],1.5775505304336548,-956.6359920594423,900497.4610948414,15.775505304336548
2025-04-23,93943.7934161249,[0.00944883 0.05634448 0.0528239  0.02811781 0.85326505],1.6594057641923428,41195.20766568923,941692.6687605307,16.594057641923428
2025-04-24,94720.4980175858,[0.0053436  0.07874296 0.038178   0.01772049 0.8600149 ],1.6483201645314693,137195.66198800315,1078888.3307485338,16.483201645314693
2025-04-25,94978.7525036375,[0.00464718 0.16796963 0.02295756 0.05222793 0.7521977 ],1.3793593142181635,44941.28365548552,1123829.6144040194,13.793593142181635
2025-04-28,94284.7916281156,[0.00285995 0.01141927 0.00400825 0.09952981 0.88218266],1.8467559567652643,-100782.68792985637,1023046.9264741631,18.467559567652643
2025-04-29,94207.311297523,[0.00788821 0.09980781 0.03415648 0.79370046 0.06444704],0.8070103041827679,-15176.070242421141,1007870.856231742,8.070103041827679
2025-04-30,96492.3390492363,[0.00382281 0.04364827 0.03348243 0.89289325 0.02615324],0.8939058459363878,195742.86916568608,1203613.725397428,8.939058459363878
2025-05-01,96910.0685777286,[0.00413358 0.00826434 0.00515502 0.6860266  0.2964205 ],1.2623361088335514,38698.49888797728,1242312.2242854054,12.623361088335514
2025-05-02,94748.0514753733,[0.00329375 0.03889862 0.00939262 0.55870825 0.3897067 ],1.292635518591851,-281621.1252631376,960691.0990222677,12.926355185918512
2025-05-05,96802.4775637596,[0.4084978  0.12557161 0.05252901 0.3189155  0.09448607],-0.4346796125173569,280282.71725040174,1240973.8162726695,-4.346796125173569
2025-05-06,97032.3189665813,[0.02043972 0.09636803 0.00362797 0.00620701 0.8733573 ],1.6156741306185722,-10320.745339722838,1230653.0709329466,16.156741306185722
2025-05-07,103241.4608298014,[0.08610862 0.3810009  0.03915903 0.04860809 0.44512337],0.38563669845461845,1033877.1647002083,2264530.235633155,3.856366984546185
2025-05-08,102970.8497440325,[0.00465959 0.001985   0.00267598 0.00442651 0.98625296],1.9656282665673643,-10108.106262965306,2254422.1293701897,19.656282665673643
2025-05-09,102812.953251549,[0.01710441 0.0059846  0.00359668 0.00210636 0.971208  ],1.9043288831599057,-30141.133106012774,2224280.996264177,19.04328883159906
2025-05-12,104169.8128818504,[0.03116122 0.00569936 0.00296369 0.00332457 0.9568512 ],1.8490051454864442,251321.15192282049,2475602.1481869975,18.490051454864442
2025-05-13,103539.4170891327,[0.04105413 0.05934814 0.00385278 0.0044647  0.8912802 ],1.6455686464905739,-111894.70655477555,2363707.441632222,16.45568646490574
2025-05-14,103744.6435805224,[0.04511866 0.04841306 0.00920033 0.00394614 0.8933218 ],1.651939392555505,32616.977104424746,2396324.418736647,16.51939392555505
2025-05-15,103489.29171157,[0.7089457  0.1572915  0.06545499 0.01130304 0.05700479],-1.4498702697455883,-40660.00872206445,2355664.4100145823,-14.498702697455885
2025-05-16,105606.1814675408,[0.25780994 0.44920307 0.2226925  0.02581699 0.04447751],-0.8500509392470121,-296573.2464441941,2059091.1635703882,-8.500509392470121
2025-05-19,106791.0896617118,[0.07590592 0.05136174 0.13080736 0.15615433 0.58577067],1.124522089958191,-95376.26579994522,1963714.897770443,11.24522089958191
2025-05-20,109678.0763095368,[0.4515366  0.04209057 0.11505113 0.13633856 0.25498313],-0.2988589443266392,304002.9153347555,2267717.8131051986,-2.9885894432663918
2025-05-21,111673.2840187451,[0.51021326 0.05518524 0.08370939 0.01623123 0.3346609 ],-0.3900587521493435,-54366.8971730965,2213350.915932102,-3.900587521493435
2025-05-22,107287.7967068221,[0.01881178 0.00453403 0.00741536 0.01800679 0.951232  ],1.87831324711442,153178.77713422707,2366529.693066329,18.7831324711442
2025-05-23,109440.3683582281,[0.59995985 0.09504794 0.03924246 0.03510197 0.2306478 ],-0.7985700741410255,376855.89342909295,2743385.5864954223,-7.985700741410256
2025-05-26,108994.6421508192,[0.19402894 0.34374827 0.06167774 0.17290172 0.2276433 ],-0.1036178469657898,32523.97774576365,2775909.564241186,-1.0361784696578982
2025-05-27,107802.3245360646,[0.303847   0.5705974  0.0229792  0.03318142 0.06939501],-1.0063199512660503,11334.996078917764,2787244.5603201035,-10.063199512660503
2025-05-28,105641.7606983795,[0.82129115 0.12120043 0.0422028  0.00921831 0.00608732],-1.7423897832632065,201685.67841216517,2988930.2387322686,-17.423897832632065
2025-05-29,103998.5722406304,[8.9347196e-01 9.8064467e-02 7.1286117e-03 8.0112414e-04 5.3383096e-04],-1.8831395937595516,271017.3289266255,3259947.567658894,-18.83139593759552
2025-05-30,105881.5339020309,[9.8784888e-01 5.5426457e-03 4.8086960e-03 1.3562689e-04 1.6641398e-03],-1.9777764950267738,-340954.64790710347,2918992.919751791,-19.77776495026774
2025-06-02,105432.4700666072,[0.89721084 0.04874231 0.01067824 0.00553325 0.03783541],-1.761959908530116,83881.28370801146,3002874.203459802,-17.619599085301164
2025-06-03,104731.9832551475,[0.6292816  0.2531284  0.07868484 0.02597189 0.01293326],-1.459853157401085,117063.52677371276,3119937.7302335147,-14.59853157401085
2025-06-04,101575.9523061866,[0.07310154 0.7604463  0.11432797 0.03793619 0.01418793],-0.8403373397886753,439917.35881404247,3559855.089047557,-8.403373397886755
2025-06-05,104390.3469384754,[9.8923278e-01 7.1634054e-03 2.2559171e-03 5.2362256e-04 8.2428666e-04],-1.9834567666403018,-232834.7256134015,3327020.3634341555,-19.834567666403018
2025-06-06,110294.1015625,[0.52992326 0.0492382  0.09894549 0.2839574  0.03793563],-0.7492560781538486,-1121736.0992685466,2205284.264165609,-7.4925607815384865
2025-06-09,110257.2377123657,[0.02418543 0.00430909 0.00475323 0.3584065  0.60834575],1.5224180603399873,2504.255747676649,2207788.519913286,15.224180603399873
2025-06-10,108686.6276821388,[0.026046   0.00392088 0.00260768 0.5393382  0.4280873 ],1.339499889407307,-216867.85605915825,1990920.6638541277,13.39499889407307
2025-06-11,105929.0512627296,[0.02814137 0.00839843 0.00513275 0.32158455 0.63674295],1.5303892716765404,-339855.3610140072,1651065.3028401206,15.303892716765406
2025-06-12,106090.9663946604,[0.03019129 0.02795035 0.02085226 0.63712424 0.28388184],1.1165549978613853,23392.372335555196,1674457.675175676,11.165549978613853
2025-06-13,106796.7571986886,[0.35434225 0.01338553 0.00802953 0.5281719  0.09607082],-0.0017565013840794563,74280.99455242229,1748738.6697280982,-0.017565013840794567
2025-06-16,104601.1168292626,[0.89157337 0.04196604 0.01709256 0.00441243 0.04495556],-1.7307892218232155,361.12007976632356,1749099.7898078645,-17.30789221823216
2025-06-17,104883.3269261613,[9.9402905e-01 2.5700638e-03 1.7278123e-03 5.4537132e-04 1.1277163e-03],-1.9878273501526564,-46696.07828368067,1702403.7115241839,-19.878273501526568
2025-06-18,104684.2859524538,[0.09069662 0.6437028  0.19906192 0.0321063  0.03443235],-0.7241250351071358,37723.73578646316,1740127.447310647,-7.241250351071359
2025-06-19,103309.6041245223,[0.01302418 0.38307577 0.3339438  0.24191904 0.02803716],-0.11113077774643898,95089.87121182245,1835217.3185224694,-1.1113077774643898
2025-06-20,105577.7720315477,[0.7839175  0.01230767 0.15787889 0.03328056 0.01261537],-1.5216313414275646,-24398.82193948067,1810818.4965829886,-15.216313414275648
2025-06-23,106045.6320954752,[0.11861857 0.49436897 0.18641369 0.140086   0.06051272],-0.47049468010663986,-67429.96399485065,1743388.532588138,-4.704946801066399
2025-06-24,107361.260804055,[0.01435353 0.17600079 0.18121575 0.13931148 0.48911843],0.9128404762595892,-58370.75003947988,1685017.782548658,9.128404762595894
2025-06-25,106960.0032689962,[0.02269512 0.02025077 0.17319007 0.4951118  0.28875223],1.00697523355484,-34116.9726084281,1650900.80994023,10.0697523355484
2025-06-26,107088.4302288312,[0.02857732 0.20675312 0.0212896  0.1935626  0.5498173 ],1.0292894765734673,12090.759528994951,1662991.5694692251,10.292894765734673
2025-06-27,107135.3345105601,[0.01456445 0.03468679 0.03664207 0.4554177  0.458689  ],1.3089800234884024,4508.244586892554,1667499.8140561178,13.089800234884025
2025-06-30,105698.2781440006,[0.0038829  0.03415219 0.95165676 0.00265548 0.00765262],-0.02395726297982037,-175579.61479719027,1491920.1992589275,-0.23957262979820373
2025-07-01,108859.3238682359,[0.12821129 0.05632947 0.79441184 0.00984173 0.01120564],-0.28049904480576515,-7164.733904517276,1484755.4653544102,-2.8049904480576515
2025-07-02,109647.97877391,[0.04295534 0.21569331 0.68017435 0.03655541 0.02462156],-0.21580545976758003,-20321.35970187819,1464434.105652532,-2.1580545976758003
2025-07-03,108034.3390499008,[0.00546074 0.28129566 0.35690364 0.0686609  0.28767908],0.35180191043764353,31759.113704875417,1496193.2193574074,3.5180191043764353
2025-07-04,108299.851087593,[0.04268864 0.15116403 0.7176972  0.07813096 0.01031913],-0.13777208887040615,8646.106684760884,1504839.3260421683,-1.3777208887040615
2025-07-07,108950.2755431898,[0.06075133 0.4187375  0.42052904 0.09270664 0.00727553],-0.43298245780169964,-8274.280619969777,1496565.0454221985,-4.329824578016997
2025-07-08,111326.5512690552,[0.05641232 0.17017716 0.20332256 0.07653324 0.49355477],0.7806409746408463,-94436.26453169009,1402128.7808905083,7.806409746408463
2025-07-09,115987.206196845,[0.2317793  0.45229423 0.07230374 0.10314501 0.14047772],-0.5317524001002312,326813.1603665163,1728941.9412570246,-5.317524001002312
2025-07-10,117516.9936684245,[0.01719127 0.02038161 0.02547712 0.01335503 0.923595  ],1.8057808969169855,-70134.30069822588,1658807.6405587988,18.057808969169855
2025-07-11,119849.7057203147,[0.0622926  0.00933164 0.01350508 0.04356122 0.8713094 ],1.6522631784901023,358447.4661763877,2017255.1067351864,16.522631784901023
2025-07-14,117777.1889947756,[0.04703711 0.00397276 0.00161577 0.01648291 0.93089145],1.780218843370676,-285719.7730968395,1731535.333638347,17.80218843370676
2025-07-15,118738.506038944,[1.3850598e-02 3.6818676e-03 4.2214207e-04 1.4992042e-03 9.8054618e-01],1.9312084941193461,145304.4287343204,1876839.7623726674,19.312084941193465
2025-07-16,119289.8421917949,[6.7563653e-03 1.1545453e-02 5.6856655e-04 7.1755718e-03 9.7395408e-01],1.9300255510024726,89671.42143017358,1966511.183802841,19.300255510024726
2025-07-17,118003.2244955267,[0.86449486 0.01805642 0.00305076 0.00812052 0.10627741],-1.5263708112761378,-208165.6729981307,1758345.5108047102,-15.263708112761378
2025-07-18,117439.5358004276,[0.95745313 0.01609359 0.00645936 0.0102777  0.00971618],-1.9012898057699203,72913.08983494762,1831258.6006396578,-19.012898057699203
2025-07-21,119995.4155518337,[0.9540929  0.03746885 0.00468367 0.00142681 0.00232778],-1.939572321716696,-413784.68358221184,1417473.917057446,-19.39572321716696
2025-07-22,118754.9571943315,[0.82093203 0.12136991 0.00810448 0.00548508 0.04410847],-1.6695319483987987,200504.21804774337,1617978.1351051894,-16.695319483987987
2025-07-23,118368.0032491776,[0.9025687  0.05543782 0.01027842 0.02851775 0.00319732],-1.825662820134312,54400.421612398444,1672378.5567175879,-18.25662820134312
2025-07-24,117635.8810759376,[0.9177404  0.06312687 0.0069284  0.01055064 0.00165372],-1.8847495913505554,112919.72448554938,1785298.2812031372,-18.847495913505554
2025-07-25,117924.4729527151,[0.973725   0.0181802  0.00412931 0.00186717 0.00209829],-1.9595664945663884,-46237.8839558624,1739060.3972472749,-19.595664945663884
2025-07-28,117922.1478369023,[0.01445517 0.97872674 0.00185371 0.00351102 0.00145341],-1.0012192288413644,386.36755617289765,1739446.7648034478,-10.012192288413644
2025-07-29,117831.1913846234,[0.05136286 0.91573334 0.02007327 0.01001211 0.00281847],-1.0028100153431296,7722.667088355794,1747169.4318918036,-10.028100153431296
2025-07-30,115758.2039287926,[0.04177679 0.9301461  0.01865337 0.00777713 0.00164667],-1.002629213500768,176422.94522866645,1923592.3771204702,-10.026292135007681
2025-07-31,113320.0859723028,[0.57853615 0.39339578 0.0238996  0.00314128 0.0010272 ],-1.545272408053279,211175.3816292103,2134767.7587496806,-15.45272408053279
2025-08-01,115071.8843242656,[0.81827897 0.00393923 0.17289118 0.00307335 0.00181728],-1.6337892478331923,-238881.36287003534,1895886.3958796454,-16.337892478331923
2025-08-04,114141.4417283514,[0.9548279  0.00394277 0.03469399 0.00438096 0.0021544 ],-1.9049088242463768,132104.12933249044,2027990.5252121359,-19.049088242463768
2025-08-05,115027.9964133688,[9.9045765e-01 5.1475493e-03 2.5692119e-03 1.0236220e-03 8.0195512e-04],-1.9834353250917047,-147957.29027900758,1880033.2349331283,-19.834353250917047
2025-08-06,117496.8973967761,[0.6686745  0.23213133 0.0751956  0.01415956 0.00983902],-1.5356427896767855,-425714.2241307912,1454319.0108023372,-15.356427896767855
2025-08-07,116688.7254122597,[0.46375278 0.31804368 0.10831335 0.05391082 0.05597937],-1.0796796791255474,105625.21294927805,1559944.2237516153,-10.796796791255476
2025-08-08,118731.4470327152,[0.20112887 0.48660117 0.06323396 0.12716672 0.12186931],-0.5179535746574402,-189005.8371898626,1370938.3865617528,-5.179535746574402
2025-08-11,120172.9070599404,[0.09935278 0.45116052 0.06888541 0.05325149 0.32734975],0.05808490514755249,-62882.19275398729,1308056.1938077654,0.5808490514755249
2025-08-12,123344.0598056487,[0.2783493  0.03411522 0.02362693 0.03513309 0.6287755 ],0.7018701992928982,15327.590132357695,1323383.7839401232,7.018701992928982
2025-08-13,118359.5805705313,[0.07096185 0.06715988 0.0850993  0.13802023 0.6387587 ],1.2064540907740593,-283634.04282586725,1039749.741114256,12.064540907740593
2025-08-14,117398.3479829685,[0.37238097 0.11556801 0.3641636  0.08951234 0.05837511],-0.6540673971176147,-97979.6465871567,941770.0945270993,-6.5406739711761475
2025-08-15,116252.3119358528,[0.07772518 0.7533902  0.08769865 0.0707328  0.0104532 ],-0.8172013405710459,63849.69015481074,1005619.7846819101,-8.17201340571046
2025-08-18,112831.1759943522,[0.27247515 0.60770243 0.0850224  0.03098122 0.00381874],-1.1140340296551585,240490.43250105486,1246110.217182965,-11.140340296551585
2025-08-19,114274.7407842478,[9.5867985e-01 3.2033771e-02 6.5050055e-03 7.1718649e-04 2.0641305e-03],-1.9445480335270986,-142529.78272921563,1103580.4344537493,-19.445480335270986
2025-08-20,112419.0275001688,[0.83725166 0.12072325 0.02429181 0.01462828 0.00310497],-1.7743883556686342,315776.13675439206,1419356.5712081413,-17.74388355668634
2025-08-21,116874.0874716783,[9.7903478e-01 1.7595505e-02 2.7685796e-03 3.1778618e-04 2.8332658e-04],-1.9747806289233267,-703173.3606875427,716183.2105205986,-19.747806289233267
2025-08-22,110124.350927514,[0.4747474  0.449853   0.03151788 0.03787121 0.00601046],-1.3494556415826082,1140479.4053242623,1856662.615844861,-13.494556415826084
2025-08-25,111802.655570345,[0.9706508  0.02272097 0.00191409 0.00349839 0.00121573],-1.95809271116741,-205658.2081517391,1651004.4076931218,-19.5809271116741
2025-08-26,111222.0607170952,[0.98640114 0.00546019 0.00419091 0.0015131  0.00243466],-1.9718800410628319,101684.39600027636,1752688.8036933981,-19.71880041062832
2025-08-27,112544.8019855007,"[9.77729142e-01 1.10863615e-02 6.08482677e-03 8.47843825e-04
 4.25187405e-03]",-1.9571930529782549,-234511.66880403255,1518177.1348893656,-19.57193052978255
2025-08-28,108410.8381422406,[0.70544803 0.1924349  0.07200972 0.01919552 0.01091182],-1.5623118039220572,718910.6180429672,2237087.752932333,-15.623118039220573
2025-08-29,109250.5947969764,[0.91470295 0.06426729 0.01267352 0.0052025  0.00315375],-1.8821632014587522,-121017.58058492998,2116070.172347403,-18.82163201458752
2025-09-01,111200.5872122159,[0.8731892  0.07180864 0.00271948 0.04674665 0.00553605],-1.7603683127090335,-335943.6142117057,1780126.5581356974,-17.603683127090335
2025-09-02,111723.2133253295,[0.42856798 0.4519578  0.00564965 0.08534363 0.02848091],-1.1667882911860943,-82734.6754171094,1697391.882718588,-11.667882911860945
2025-09-03,110723.6000805153,[0.29736674 0.21921164 0.00786675 0.43304312 0.04251173],-0.2958785369992256,104395.22772832039,1801787.1104469083,-2.958785369992256
2025-09-04,110650.988279402,[0.48054308 0.43265006 0.00905414 0.06568633 0.01206645],-1.3039169777184725,1940.3517828774886,1803727.4622297857,-13.039169777184725
2025-09-05,112071.4310885385,[0.1019409  0.34468985 0.03174489 0.14942054 0.37220383],0.3452565521001816,-167385.71643250278,1636341.745797283,3.452565521001816
2025-09-08,111530.5499815784,[0.02904976 0.723694   0.02237061 0.17798856 0.04689701],-0.5100109614431858,-16662.832291098865,1619678.9135061842,-5.100109614431858
2025-09-09,113955.3589546047,[8.4978938e-03 9.6480864e-01 1.8367865e-03 2.4107935e-02 7.4869272e-04],-0.9561991101363674,-110882.54795241945,1508796.3655537649,-9.561991101363674
2025-09-10,115507.5375268541,[0.05107648 0.20478044 0.00489876 0.06399001 0.6752543 ],1.1075651720166206,-130243.26220137237,1378553.1033523926,11.075651720166208
2025-09-11,116101.5808964756,[0.0086503  0.02374608 0.00247614 0.01463624 0.95049125],1.8745720479637384,56960.936138666344,1435514.0394910588,18.745720479637384
2025-09-12,115444.8727083374,[0.00701307 0.0486667  0.01275494 0.00846838 0.9230969 ],1.7919693402945995,-106031.87343766465,1329482.166053394,17.919693402945995
2025-09-15,116843.1842506891,[0.02318771 0.31855705 0.0079331  0.107108   0.54321414],0.8286038003861904,217050.03897443242,1546532.2050278266,8.286038003861904
2025-09-16,116468.5073895201,[0.02363947 0.04897914 0.00338852 0.08301806 0.84097487],1.6687097065150738,-26570.541796883997,1519961.6632309426,16.687097065150738
2025-09-17,117137.2024600838,[0.05216861 0.54325193 0.00879881 0.18614341 0.20963721],-0.04217132180929184,95807.69771664753,1615769.36094759,-0.4217132180929184
2025-09-18,115688.8628180112,[0.03714938 0.30564043 0.00524859 0.56879896 0.08316265],0.3551850691437721,5214.2612126844815,1620983.6221602745,3.5518506914377213
2025-09-19,112748.5056232456,[0.02005818 0.9496054  0.00171906 0.02389806 0.0047193 ],-0.9563851030543447,-90274.11525110208,1530709.5069091725,-9.563851030543447
2025-09-22,112014.4996765164,[9.8850793e-01 7.9881363e-03 2.0844112e-04 2.0847551e-03 1.2107139e-03],-1.9804978063330054,62261.78778376444,1592971.294692937,-19.804978063330054
2025-09-23,113328.6304088566,[0.97430336 0.01190506 0.00277608 0.00668726 0.00432818],-1.9451681692153215,-232347.8692625173,1360623.4254304199,-19.451681692153215
2025-09-24,109049.2879570017,[0.9496714  0.02166074 0.00272801 0.01139243 0.01454739],-1.8805163046345115,734504.6606924741,2095128.086122894,-18.805163046345115
2025-09-25,109712.831518274,[0.9670405  0.01683216 0.00121413 0.01163004 0.00328325],-1.9327165666036308,-114425.73437983717,1980702.351743057,-19.327165666036308
2025-09-26,114400.3864282159,[8.6729103e-01 1.1869859e-01 7.4769108e-04 4.4339006e-03 8.8287899e-03],-1.8311891756020486,-825766.2213193264,1154936.1304237305,-18.311891756020486
2025-09-29,114056.0836474993,[0.00514636 0.62153834 0.01948897 0.21043386 0.14339252],-0.1346121672540903,55112.010095661135,1210048.1405193915,-1.346121672540903
2025-09-30,118648.9285878715,[0.005753   0.5732464  0.01290303 0.08033443 0.3277631 ],0.1511082425713539,-54206.03544447942,1155842.105074912,1.5110824257135391
2025-10-01,120681.2597233421,[0.00137544 0.01942795 0.00223432 0.00517715 0.9717852 ],1.9265686967410147,25883.24984127992,1181725.354916192,19.265686967410147
2025-10-02,122266.5327281923,[5.0490117e-04 5.8610071e-03 1.3196036e-02 3.5074258e-03 9.7693062e-01],1.9504978528711945,253074.69891634127,1434800.053832533,19.50497852871195
2025-10-03,124752.5283520974,[0.0010387  0.01749422 0.00469038 0.02329489 0.9534818 ],1.9106868505477905,396586.7861366149,1831386.839969148,19.106868505477905
2025-10-06,121451.3790703267,[0.0025887  0.05876907 0.00339304 0.01735346 0.91789573],1.7891984656453133,-505597.9712549468,1325788.8687142013,17.891984656453133
2025-10-07,123354.8703353913,[0.00275528 0.14720103 0.01886016 0.04115815 0.79002535],1.4684972777031362,280418.6890995076,1606207.557813709,14.684972777031364
2025-10-08,121705.5822667133,[0.01458401 0.21470682 0.01355698 0.21102749 0.54612476],1.0594021510332823,-196342.0684093591,1409865.4894043498,10.594021510332825
2025-10-09,113214.3659931293,[0.25773734 0.5771933  0.03781231 0.04812706 0.07913   ],-0.8862809389829636,-739129.0208373646,670736.4685669852,-8.862809389829636
2025-10-10,115271.0751367935,[9.3780464e-01 5.3194560e-02 1.9069851e-03 7.2843989e-04 6.3653472e-03],-1.915344704524614,-161006.2552637696,509730.2133032156,-19.153447045246143
2025-10-13,113118.6671598055,[9.6822506e-01 2.1299962e-02 2.0026255e-03 7.7906233e-04 7.6932912e-03],-1.9415844410541467,357644.20656337,867374.4198665856,-19.415844410541467
2025-10-14,110783.1668548627,[0.7374482  0.21375735 0.02919413 0.00190744 0.01769283],-1.6513606789521873,400868.501018319,1268242.9208849047,-16.513606789521873
2025-10-15,108186.0384753293,[0.9611136  0.02401339 0.00551997 0.00387056 0.00548246],-1.9314050576649606,387134.2376203268,1655377.1585052316,-19.314050576649606
2025-10-16,106467.785227691,[0.9668891  0.02028046 0.00276752 0.0083043  0.00175866],-1.9422370053362101,306753.3537236092,1962130.5122288407,-19.422370053362105
